{"cameraMode":{"drawMode":0,"name":"Shaded","section":"Shading Mode"},"sceneLighting":true,"audioPlay":false,"sceneViewState":{"m_AlwaysRefresh":false,"showFog":true,"showSkybox":true,"showFlares":true,"showImageEffects":true,"showParticleSystems":true,"showVisualEffectGraphs":true,"m_FxEnabled":true},"in2DMode":false,"pivot":{"x":-1348.7364501953125,"y":28.399993896484376,"z":1447.0223388671875},"rotation":{"x":0.15207098424434663,"y":0.12448997050523758,"z":-0.019316285848617555,"w":0.9803128242492676},"size":141.7780303955078,"orthographic":true}