{"cameraMode":{"drawMode":0,"name":"Shaded","section":"Shading Mode"},"sceneLighting":true,"audioPlay":false,"sceneViewState":{"m_AlwaysRefresh":false,"showFog":true,"showSkybox":true,"showFlares":true,"showImageEffects":true,"showParticleSystems":true,"showVisualEffectGraphs":true,"m_FxEnabled":true},"in2DMode":false,"pivot":{"x":-547.9153442382813,"y":26.60999298095703,"z":1719.6329345703125},"rotation":{"x":0.03033609688282013,"y":0.7062751650810242,"z":-0.030312811955809594,"w":0.7066721320152283},"size":44.25666046142578,"orthographic":false}