{"cameraMode":{"drawMode":0,"name":"Shaded","section":"Shading Mode"},"sceneLighting":false,"audioPlay":false,"sceneViewState":{"m_AlwaysRefresh":false,"showFog":true,"showSkybox":false,"showFlares":true,"showImageEffects":true,"showParticleSystems":true,"showVisualEffectGraphs":true,"m_FxEnabled":true},"in2DMode":false,"pivot":{"x":-1642.7889404296875,"y":38.070011138916019,"z":1006.9749755859375},"rotation":{"x":0.057595934718847278,"y":-0.9365707635879517,"z":0.18439391255378724,"w":0.2925102114677429},"size":13.748226165771485,"orthographic":false}