{"cameraMode":{"drawMode":0,"name":"Shaded","section":"Shading Mode"},"sceneLighting":false,"audioPlay":false,"sceneViewState":{"m_AlwaysRefresh":false,"showFog":true,"showSkybox":false,"showFlares":true,"showImageEffects":true,"showParticleSystems":true,"showVisualEffectGraphs":true,"m_FxEnabled":true},"in2DMode":false,"pivot":{"x":355.3500061035156,"y":4.330699920654297,"z":303.79998779296877},"rotation":{"x":0.04009569063782692,"y":0.9369853138923645,"z":-0.32756084203720095,"w":0.11469350755214691},"size":14.739154815673829,"orthographic":false}