{"cameraMode":{"drawMode":0,"name":"Shaded","section":"Shading Mode"},"sceneLighting":false,"audioPlay":false,"sceneViewState":{"m_AlwaysRefresh":false,"showFog":true,"showSkybox":false,"showFlares":true,"showImageEffects":true,"showParticleSystems":true,"showVisualEffectGraphs":true,"m_FxEnabled":true},"in2DMode":false,"pivot":{"x":0.21250057220458985,"y":11.230030059814454,"z":-3.408313751220703},"rotation":{"x":-0.051973603665828708,"y":-0.9276058077812195,"z":0.138889878988266,"w":-0.34357160329818728},"size":17.042400360107423,"orthographic":false}