{"cameraMode":{"drawMode":0,"name":"Shaded","section":"Shading Mode"},"sceneLighting":false,"audioPlay":false,"sceneViewState":{"m_AlwaysRefresh":false,"showFog":true,"showSkybox":false,"showFlares":true,"showImageEffects":true,"showParticleSystems":true,"showVisualEffectGraphs":true,"m_FxEnabled":true},"in2DMode":false,"pivot":{"x":1494.12939453125,"y":178.63743591308595,"z":-1060.0972900390625},"rotation":{"x":0.014352353289723397,"y":0.9860497713088989,"z":-0.12156105041503906,"w":0.11373733729124069},"size":79.41080474853516,"orthographic":false}