{"cameraMode":{"drawMode":0,"name":"Shaded","section":"Shading Mode"},"sceneLighting":false,"audioPlay":false,"sceneViewState":{"m_AlwaysRefresh":false,"showFog":true,"showSkybox":false,"showFlares":true,"showImageEffects":true,"showParticleSystems":true,"showVisualEffectGraphs":true,"m_FxEnabled":true},"in2DMode":false,"pivot":{"x":-1629.2879638671875,"y":5.3451948165893559,"z":1016.1641845703125},"rotation":{"x":-0.027696242555975915,"y":0.9673484563827515,"z":-0.12135515362024307,"w":-0.22081200778484345},"size":34.5360221862793,"orthographic":false}