{"cameraMode":{"drawMode":0,"name":"Shaded","section":"Shading Mode"},"sceneLighting":false,"audioPlay":false,"sceneViewState":{"m_AlwaysRefresh":false,"showFog":true,"showSkybox":false,"showFlares":true,"showImageEffects":true,"showParticleSystems":true,"showVisualEffectGraphs":true,"m_FxEnabled":true},"in2DMode":false,"pivot":{"x":0.26100003719329836,"y":0.9649999141693115,"z":0.6940000057220459},"rotation":{"x":0.04009569063782692,"y":0.9369853138923645,"z":-0.32756084203720095,"w":0.11469350755214691},"size":16.7027530670166,"orthographic":false}